external_id,business_name,address,phone,email,website,capabilities_deck,employee_count,diversity_info,charges_sales_tax,sales_tax_notes,is_preferred,notes,metro_area,locations
1,Think Box,,5164157070310,stephane@thinkboxvms.com,thinkboxvms.com,,,,false,,true,,"[""New York City"",""Los Angeles"",""Miami""]","[{""city"":""New York"",""region"":""New York"",""country"":""United States"",""placeId"":""ChIJOwg_06VPwokRYv534QaPC8g"",""regionCode"":""NY"",""countryCode"":""US"",""displayName"":""New York, New York""},{""city"":""Los Angeles"",""region"":""California"",""country"":""United States"",""placeId"":""ChIJE9on3F3HwoAR9AhGJW_fL-I"",""regionCode"":""CA"",""countryCode"":""US"",""displayName"":""Los Angeles, California""},{""city"":""Miami"",""region"":""Florida"",""country"":""United States"",""placeId"":""ChIJEcHIDqKw2YgRZU-t3XHylv8"",""regionCode"":""FL"",""countryCode"":""US"",""displayName"":""Miami, Florida""}]"
2,3V Creative Productions,,6463827446,aushim@3vnyc.com,3vcreative.com,,,,false,,false,,"[""New York City"",""Los Angeles""]","[{""city"":""New York"",""region"":""New York"",""country"":""United States"",""placeId"":""ChIJOwg_06VPwokRYv534QaPC8g"",""regionCode"":""NY"",""countryCode"":""US"",""displayName"":""New York, New York""},{""city"":""Los Angeles"",""region"":""California"",""country"":""United States"",""placeId"":""ChIJE9on3F3HwoAR9AhGJW_fL-I"",""regionCode"":""CA"",""countryCode"":""US"",""displayName"":""Los Angeles, California""}]"
3,Krewe,"67 Gansevoort St, New York, NY 10014, USA",9179829331,toussaint@krewe.com,krewe.com,,,,false,,false,,"[""New York City""]","[{""city"":""New York"",""region"":""New York"",""country"":""United States"",""placeId"":""ChIJOwg_06VPwokRYv534QaPC8g"",""regionCode"":""NY"",""countryCode"":""US"",""displayName"":""New York, New York""}]"
4,RONEN RENTAL,,3059855010,ronen@ronenrental.com,ronenrental.com,,,,false,,false,,"[""New York City"",""Miami"",""Austin""]","[{""city"":""New York"",""region"":""New York"",""country"":""United States"",""placeId"":""ChIJOwg_06VPwokRYv534QaPC8g"",""regionCode"":""NY"",""countryCode"":""US"",""displayName"":""New York, New York""},{""city"":""Miami"",""region"":""Florida"",""country"":""United States"",""placeId"":""ChIJEcHIDqKw2YgRZU-t3XHylv8"",""regionCode"":""FL"",""countryCode"":""US"",""displayName"":""Miami, Florida""},{""city"":""Austin"",""region"":""Texas"",""country"":""United States"",""placeId"":""ChIJLwPMoJm1RIYRetVp1EtGm10"",""regionCode"":""TX"",""countryCode"":""US"",""displayName"":""Austin, Texas""}]"
5,BITE,"126 Undercliff Ave.  Edgewater, NJ 07020",2695010325,carver@imightbite.com,imightbite.com,,,LGBTQIA+(s),true,,true,"

--- Merged Conflicts ---
Address: 126 Undercliff Ave; Edgewater, NJ 07020
Phone: 9176761320
Email: info@imightbite.com
Website: imightbite.com","[""New York City""]","[{""city"":""New York"",""region"":""New York"",""country"":""United States"",""placeId"":""ChIJOwg_06VPwokRYv534QaPC8g"",""regionCode"":""NY"",""countryCode"":""US"",""displayName"":""New York, New York""}]"
6,Letters by Susanne,,,lettersbysusanne@gmail.com,lettersbysusanne.com,,,,false,,false,,"[""New York City""]","[{""city"":""New York"",""region"":""New York"",""country"":""United States"",""placeId"":""ChIJOwg_06VPwokRYv534QaPC8g"",""regionCode"":""NY"",""countryCode"":""US"",""displayName"":""New York, New York""}]"
7,Resident,,9148743834,zach@meetresident.com,meetresident.com,,,,false,,false,,"[""New York City""]","[{""city"":""New York"",""region"":""New York"",""country"":""United States"",""placeId"":""ChIJOwg_06VPwokRYv534QaPC8g"",""regionCode"":""NY"",""countryCode"":""US"",""displayName"":""New York, New York""}]"
8,VIVIANE RODRIGUES,,,viviane@vivianerodriguescalligraphy.com,,,,,false,,true,,"[""New York City""]","[{""city"":""New York"",""region"":""New York"",""country"":""United States"",""placeId"":""ChIJOwg_06VPwokRYv534QaPC8g"",""regionCode"":""NY"",""countryCode"":""US"",""displayName"":""New York, New York""}]"
9,Monday for Wednesday (M-W),"1024 E. 16th Street Brooklyn, NY 11230",6197936867,orders@m-w.nyc,m-w.nyc,,2,"LGBTQIA+(s), Black and/or Black+, Woman / Women / Female -identifying",false,No sales tax on produce,false,,"[""New York City""]","[{""city"":""New York"",""region"":""New York"",""country"":""United States"",""placeId"":""ChIJOwg_06VPwokRYv534QaPC8g"",""regionCode"":""NY"",""countryCode"":""US"",""displayName"":""New York, New York""}]"
10,Bello Projects,"49 Elizabeth Street, 4th Floor, NY NY 10013",6469748380,sergio@belloprojects.com,belloprojects.com,,20,Latinx / Hispanic,false,If you provide and ST120 or shipping out of state.,true,"

--- Merged Conflicts ---
Address: NY,NY,10013
Phone: 6463859434","[""New York City""]","[{""city"":""New York"",""region"":""New York"",""country"":""United States"",""placeId"":""ChIJOwg_06VPwokRYv534QaPC8g"",""regionCode"":""NY"",""countryCode"":""US"",""displayName"":""New York, New York""}]"
11,Sara S. Wallach Photography,01230,4138545635,s.sofia.w@outlook.com,sarawallach.com,,,Woman / Women / Female -identifying,false,,false,,"[""New York City""]","[{""city"":""New York"",""region"":""New York"",""country"":""United States"",""placeId"":""ChIJOwg_06VPwokRYv534QaPC8g"",""regionCode"":""NY"",""countryCode"":""US"",""displayName"":""New York, New York""}]"
12,Maxine McCrann,"179 Dovercourt Road, Unit 2, Toronto, ON, M6J 3C6, Canada",6476255253,info@maxinemccrann.com,maxinemccrann.com,,1,Woman / Women / Female -identifying,true,,true,,"[""Toronto""]","[{""city"":""Toronto"",""region"":""Ontario"",""country"":""Canada"",""placeId"":""ChIJpTvG15DL1IkRd8S0KlBVNTI"",""regionCode"":""ON"",""countryCode"":""CA"",""displayName"":""Toronto, Canada""}]"
13,Eternal Sunday,2347 1/2 Fernleaf street Los Angeles CA 90031,6072675725,eternalsundaygoods@gmail.com,eternalsundaygoods.com,,,Black and/or Black+,false,,false,,"[""Los Angeles""]","[{""city"":""Los Angeles"",""region"":""California"",""country"":""United States"",""placeId"":""ChIJE9on3F3HwoAR9AhGJW_fL-I"",""regionCode"":""CA"",""countryCode"":""US"",""displayName"":""Los Angeles, California""}]"
14,amber lu,"120 north avenue 64 #6 Los Angeles, CA 90042",3236700151,info@luamber.com,luamber.com,,,,false,,false,,"[""Los Angeles""]","[{""city"":""Los Angeles"",""region"":""California"",""country"":""United States"",""placeId"":""ChIJE9on3F3HwoAR9AhGJW_fL-I"",""regionCode"":""CA"",""countryCode"":""US"",""displayName"":""Los Angeles, California""}]"
15,Maya Netzer,"417 Myrtle Ave Brooklyn, NY 11205",6319355980,mayanetzer.art@gmail.com,maya-netzer.com,,1,"LGBTQIA+(s), Woman / Women / Female -identifying",false,,false,,"[""New York City""]","[{""city"":""New York"",""region"":""New York"",""country"":""United States"",""placeId"":""ChIJOwg_06VPwokRYv534QaPC8g"",""regionCode"":""NY"",""countryCode"":""US"",""displayName"":""New York, New York""}]"
16,Great Performances,"2417 3rd Ave, Suite 300, Bronx NY 10451",9299897771,chris.adams@greatperformances.com,greatperformances.com,drive.google.com/open?id=19Z3ijhXOx3Fi5rx-hh5PSJfQY6J1-RHH,300+,Woman / Women / Female -identifying,true,Tax can be omitted for non profits with the appropriate forms (ST119),true,"

--- Merged Conflicts ---
Address: 2417 Third Ave, Suite 300 Bronx NY 10451
Phone: 9177037672
Email: gary.bedigan@greatperformances.com
Website: https://greatperformances.com/
Employee Count: 375+","[""New York City""]","[{""city"":""New York"",""region"":""New York"",""country"":""United States"",""placeId"":""ChIJOwg_06VPwokRYv534QaPC8g"",""regionCode"":""NY"",""countryCode"":""US"",""displayName"":""New York, New York""}]"
17,Decco Event Rentals,"60 E Jefryn Blvd, Deer Park, NY 11729",6319889709,tracey@partyupproductions.us,deccobypartyup.com,drive.google.com/open?id=1rhOIg4LXhe83OMh-AtBOckvho-MZ1bhk,30,,true,,false,,"[""New York City""]","[{""city"":""New York"",""region"":""New York"",""country"":""United States"",""placeId"":""ChIJOwg_06VPwokRYv534QaPC8g"",""regionCode"":""NY"",""countryCode"":""US"",""displayName"":""New York, New York""}]"
18,Hungry House,36 Lexington Ave NY NY 10010,9172329074,oliver@orderhungryhouse.com,orderhungryhouse.com,drive.google.com/open?id=16NKDZGiKatN2bcYFuh_w3ArPf7yrlWIY,30,Prefer not to answer,true,,false,,"[""New York City""]","[{""city"":""New York"",""region"":""New York"",""country"":""United States"",""placeId"":""ChIJOwg_06VPwokRYv534QaPC8g"",""regionCode"":""NY"",""countryCode"":""US"",""displayName"":""New York, New York""}]"
19,Farm to People,"1100 Flushing Ave. Brooklyn, NY 11237",6095715080,rachel@farmtopeople.com,farmtopeople.com/visit-us,,5-15,Woman / Women / Female -identifying,true,,false,,"[""New York City""]","[{""city"":""New York"",""region"":""New York"",""country"":""United States"",""placeId"":""ChIJOwg_06VPwokRYv534QaPC8g"",""regionCode"":""NY"",""countryCode"":""US"",""displayName"":""New York, New York""}]"
20,"PPL Events, Inc.","18214 Portside St, Tampa, FL 33647",9543038650,maria@thepplevents.com,thepplevents.com,drive.google.com/open?id=16SGtLaU-sJ_AdhIM06EenNhD2OxJGl09,,"LGBTQIA+(s), Latinx / Hispanic",false,,false,,"[""New York City"",""Los Angeles"",""San Francisco"",""Chicago"",""Detroit"",""Atlanta"",""Miami"",""Houston"",""Dallas"",""Austin""]","[{""city"":""New York"",""region"":""New York"",""country"":""United States"",""placeId"":""ChIJOwg_06VPwokRYv534QaPC8g"",""regionCode"":""NY"",""countryCode"":""US"",""displayName"":""New York, New York""},{""city"":""Los Angeles"",""region"":""California"",""country"":""United States"",""placeId"":""ChIJE9on3F3HwoAR9AhGJW_fL-I"",""regionCode"":""CA"",""countryCode"":""US"",""displayName"":""Los Angeles, California""},{""city"":""San Francisco"",""region"":""California"",""country"":""United States"",""placeId"":""ChIJIQBpAG2ahYAR_6128GcTUEo"",""regionCode"":""CA"",""countryCode"":""US"",""displayName"":""San Francisco, California""},{""city"":""Chicago"",""region"":""Illinois"",""country"":""United States"",""placeId"":""ChIJ7cv00DwsDogRAMDACa2m4K8"",""regionCode"":""IL"",""countryCode"":""US"",""displayName"":""Chicago, Illinois""},{""city"":""Detroit"",""region"":""Michigan"",""country"":""United States"",""placeId"":""ChIJdR3LEAHKJIgR0sS5NU6Gdlc"",""regionCode"":""MI"",""countryCode"":""US"",""displayName"":""Detroit, Michigan""},{""city"":""Atlanta"",""region"":""Georgia"",""country"":""United States"",""placeId"":""ChIJjQmTaV0E9YgRC2MLmS_e_mY"",""regionCode"":""GA"",""countryCode"":""US"",""displayName"":""Atlanta, Georgia""},{""city"":""Miami"",""region"":""Florida"",""country"":""United States"",""placeId"":""ChIJEcHIDqKw2YgRZU-t3XHylv8"",""regionCode"":""FL"",""countryCode"":""US"",""displayName"":""Miami, Florida""},{""city"":""Houston"",""region"":""Texas"",""country"":""United States"",""placeId"":""ChIJAYWNSLS4QIYROwVl894CDco"",""regionCode"":""TX"",""countryCode"":""US"",""displayName"":""Houston, Texas""},{""city"":""Dallas"",""region"":""Texas"",""country"":""United States"",""placeId"":""ChIJS5dFe_cZTIYRj2dH9qSb7Lk"",""regionCode"":""TX"",""countryCode"":""US"",""displayName"":""Dallas, Texas""},{""city"":""Austin"",""region"":""Texas"",""country"":""United States"",""placeId"":""ChIJLwPMoJm1RIYRetVp1EtGm10"",""regionCode"":""TX"",""countryCode"":""US"",""displayName"":""Austin, Texas""}]"
21,"The Artistic Group, Inc.","161 Coolidge Avenue, Englewood, NJ 07631",9145234546,paulw@tagimage.com,tagimage.com,,10,,true,,false,,"[""New Jersey""]","[{""city"":""Jersey City"",""region"":""New Jersey"",""country"":""United States"",""placeId"":""ChIJ3a-_JdJQwokR2SXNohPwSQI"",""regionCode"":""NJ"",""countryCode"":""US"",""displayName"":""Jersey City, New Jersey""}]"
22,Funny Face Bakery,"160 Water St Brooklyn, NY 11201",2013401699,Carly@funnyfacebakery.com,funnyfacebakery.com,drive.google.com/open?id=1j1YUAiCajPR0LayrGOxgG-3CP1zt5HVw,20,Woman / Women / Female -identifying,false,NY state does not charge tax on cookies,false,,"[""New York City"",""Los Angeles"",""San Francisco"",""Chicago"",""Detroit"",""Atlanta"",""Miami"",""Houston"",""Dallas"",""Austin""]","[{""city"":""New York"",""region"":""New York"",""country"":""United States"",""placeId"":""ChIJOwg_06VPwokRYv534QaPC8g"",""regionCode"":""NY"",""countryCode"":""US"",""displayName"":""New York, New York""},{""city"":""Los Angeles"",""region"":""California"",""country"":""United States"",""placeId"":""ChIJE9on3F3HwoAR9AhGJW_fL-I"",""regionCode"":""CA"",""countryCode"":""US"",""displayName"":""Los Angeles, California""},{""city"":""San Francisco"",""region"":""California"",""country"":""United States"",""placeId"":""ChIJIQBpAG2ahYAR_6128GcTUEo"",""regionCode"":""CA"",""countryCode"":""US"",""displayName"":""San Francisco, California""},{""city"":""Chicago"",""region"":""Illinois"",""country"":""United States"",""placeId"":""ChIJ7cv00DwsDogRAMDACa2m4K8"",""regionCode"":""IL"",""countryCode"":""US"",""displayName"":""Chicago, Illinois""},{""city"":""Detroit"",""region"":""Michigan"",""country"":""United States"",""placeId"":""ChIJdR3LEAHKJIgR0sS5NU6Gdlc"",""regionCode"":""MI"",""countryCode"":""US"",""displayName"":""Detroit, Michigan""},{""city"":""Atlanta"",""region"":""Georgia"",""country"":""United States"",""placeId"":""ChIJjQmTaV0E9YgRC2MLmS_e_mY"",""regionCode"":""GA"",""countryCode"":""US"",""displayName"":""Atlanta, Georgia""},{""city"":""Miami"",""region"":""Florida"",""country"":""United States"",""placeId"":""ChIJEcHIDqKw2YgRZU-t3XHylv8"",""regionCode"":""FL"",""countryCode"":""US"",""displayName"":""Miami, Florida""},{""city"":""Houston"",""region"":""Texas"",""country"":""United States"",""placeId"":""ChIJAYWNSLS4QIYROwVl894CDco"",""regionCode"":""TX"",""countryCode"":""US"",""displayName"":""Houston, Texas""},{""city"":""Dallas"",""region"":""Texas"",""country"":""United States"",""placeId"":""ChIJS5dFe_cZTIYRj2dH9qSb7Lk"",""regionCode"":""TX"",""countryCode"":""US"",""displayName"":""Dallas, Texas""},{""city"":""Austin"",""region"":""Texas"",""country"":""United States"",""placeId"":""ChIJLwPMoJm1RIYRetVp1EtGm10"",""regionCode"":""TX"",""countryCode"":""US"",""displayName"":""Austin, Texas""}]"
23,Yurie Lim,223 E 3rd St New York NY 10009,3473329262,yuriexlim@gmail.com,problemchildnyc.com,,1,Asian,true,,false,,"[""New York City""]","[{""city"":""New York"",""region"":""New York"",""country"":""United States"",""placeId"":""ChIJOwg_06VPwokRYv534QaPC8g"",""regionCode"":""NY"",""countryCode"":""US"",""displayName"":""New York, New York""}]"
24,Farnam West Creative,"1421 Fern St San Diego, CA 92102",2034705677,Luke@farnamwestcreative.com,farnamwestcreative.com,,3,,false,,false,,"[""Los Angeles""]","[{""city"":""Los Angeles"",""region"":""California"",""country"":""United States"",""placeId"":""ChIJE9on3F3HwoAR9AhGJW_fL-I"",""regionCode"":""CA"",""countryCode"":""US"",""displayName"":""Los Angeles, California""}]"
25,Alexa Bendek Photography,22 Starr St,9179395054,alexandra_bendek@hotmail.com,alexabendekphotography.com,,,"LGBTQIA+(s), Latinx / Hispanic, Woman / Women / Female -identifying",false,,false,,"[""New York City""]","[{""city"":""New York"",""region"":""New York"",""country"":""United States"",""placeId"":""ChIJOwg_06VPwokRYv534QaPC8g"",""regionCode"":""NY"",""countryCode"":""US"",""displayName"":""New York, New York""}]"
26,Irma Mauro,"New York, NY 10031",6463061671,irma@irmamauro.com,irmamauro.com/commercial-and-editorial,drive.google.com/open?id=191Cxq-iNXp44Mc63XcXbD4wFH8VLblTf,,Woman / Women / Female -identifying,false,,false,,"[""New York City""]","[{""city"":""New York"",""region"":""New York"",""country"":""United States"",""placeId"":""ChIJOwg_06VPwokRYv534QaPC8g"",""regionCode"":""NY"",""countryCode"":""US"",""displayName"":""New York, New York""}]"
27,Cocktail Academy,"2228 Barry Ave, Los Angeles, CA 90064",5089541442,jamie@cocktailacademy.com,cocktailacademyla.com,,20,,true,,true,,"[""Los Angeles""]","[{""city"":""Los Angeles"",""region"":""California"",""country"":""United States"",""placeId"":""ChIJE9on3F3HwoAR9AhGJW_fL-I"",""regionCode"":""CA"",""countryCode"":""US"",""displayName"":""Los Angeles, California""}]"
28,Promotional Matches,"7924 Lake Sands Dr. Delray Beach, FL 33446",8004854461,info@networkerpromos.com,promotionalmatches.com,,2,Woman / Women / Female -identifying,false,We do not met sales nexus in most states including NY and CA,false,,"[""Miami""]","[{""city"":""Miami"",""region"":""Florida"",""country"":""United States"",""placeId"":""ChIJEcHIDqKw2YgRZU-t3XHylv8"",""regionCode"":""FL"",""countryCode"":""US"",""displayName"":""Miami, Florida""}]"
29,Bushwick Print Lab,11237,7189135950,apparel@bushwickprintlab.org,bushwickprintlab.org,,,,true,,false,,"[""New York City""]","[{""city"":""New York"",""region"":""New York"",""country"":""United States"",""placeId"":""ChIJOwg_06VPwokRYv534QaPC8g"",""regionCode"":""NY"",""countryCode"":""US"",""displayName"":""New York, New York""}]"
30,Artscroll Printing Corp,230 West 41st Street,2129292413,michelle@artscrollprint.com,artscrollprintnyc.com,,15,"Latinx / Hispanic,",false,Sales tax is only charged when billed to direct clients. Business or individual with EIN/ Tax certificate are not charged.,false,,"[""New York City""]","[{""city"":""New York"",""region"":""New York"",""country"":""United States"",""placeId"":""ChIJOwg_06VPwokRYv534QaPC8g"",""regionCode"":""NY"",""countryCode"":""US"",""displayName"":""New York, New York""}]"
31,Abrazo New York,"444 East 82nd Street. NY, NY 10028",9172855099,abrazo@abrazonewyork.com,abrazonewyork.com,,0,"Latinx / Hispanic, Woman / Women / Female -identifying",false,Abrazo's fabric wraps are free of taxes because are considered an artistic ornamental piece.,false,,"[""New York City""]","[{""city"":""New York"",""region"":""New York"",""country"":""United States"",""placeId"":""ChIJOwg_06VPwokRYv534QaPC8g"",""regionCode"":""NY"",""countryCode"":""US"",""displayName"":""New York, New York""}]"
32,The Vyater Group LLC,2201 S Ocean Dr Hollywood FL 33019 - Virtual & Global,9173738048,lenny@thevyatergroup.com,thevyatergroup.com,drive.google.com/open?id=1CxjRoR3MOHAJe_ZkVLN1ug1PpZOdBdNw,3,,true,,false,,"[""New York City"",""Miami""]","[{""city"":""New York"",""region"":""New York"",""country"":""United States"",""placeId"":""ChIJOwg_06VPwokRYv534QaPC8g"",""regionCode"":""NY"",""countryCode"":""US"",""displayName"":""New York, New York""},{""city"":""Miami"",""region"":""Florida"",""country"":""United States"",""placeId"":""ChIJEcHIDqKw2YgRZU-t3XHylv8"",""regionCode"":""FL"",""countryCode"":""US"",""displayName"":""Miami, Florida""}]"
33,Geller Graphics Inc.,"1665 Ramapo Way, Scotch Plains, NJ 07076",19085781452,george@gellergraphics.com,gellergraphics.com,drive.google.com/open?id=1RN3YNFRSlnGyRkPILKaxwHT3-YB6q_74,,Prefer not to answer,true,,false,,"[""New York City""]","[{""city"":""New York"",""region"":""New York"",""country"":""United States"",""placeId"":""ChIJOwg_06VPwokRYv534QaPC8g"",""regionCode"":""NY"",""countryCode"":""US"",""displayName"":""New York, New York""}]"
34,"Graphics Service Bureau, Inc. dba GSB Digital","3301 Hunters Point Avenue, Long Island City, NY 11101",2125006496,dbrown@gsbdigital.com,gsbdigital.com,,98,,true,,false,,"[""New York City""]","[{""city"":""New York"",""region"":""New York"",""country"":""United States"",""placeId"":""ChIJOwg_06VPwokRYv534QaPC8g"",""regionCode"":""NY"",""countryCode"":""US"",""displayName"":""New York, New York""}]"
35,PRE.VEYOR,,,gabe@preveyor.com,preveyor.com,,5,LGBTQIA+(s),false,Does not apply to talent bookings,false,,"[""New York City"",""Los Angeles"",""Miami"",""Toronto"",""Paris"",""London""]","[{""city"":""New York"",""region"":""New York"",""country"":""United States"",""placeId"":""ChIJOwg_06VPwokRYv534QaPC8g"",""regionCode"":""NY"",""countryCode"":""US"",""displayName"":""New York, New York""},{""city"":""Los Angeles"",""region"":""California"",""country"":""United States"",""placeId"":""ChIJE9on3F3HwoAR9AhGJW_fL-I"",""regionCode"":""CA"",""countryCode"":""US"",""displayName"":""Los Angeles, California""},{""city"":""Miami"",""region"":""Florida"",""country"":""United States"",""placeId"":""ChIJEcHIDqKw2YgRZU-t3XHylv8"",""regionCode"":""FL"",""countryCode"":""US"",""displayName"":""Miami, Florida""},{""city"":""Toronto"",""region"":""Ontario"",""country"":""Canada"",""placeId"":""ChIJpTvG15DL1IkRd8S0KlBVNTI"",""regionCode"":""ON"",""countryCode"":""CA"",""displayName"":""Toronto, Canada""},{""city"":""Paris"",""region"":""Île-de-France"",""country"":""France"",""placeId"":""ChIJD7fiBh9u5kcRYJSMaMOCCwQ"",""regionCode"":""IDF"",""countryCode"":""FR"",""displayName"":""Paris, France""},{""city"":""London"",""region"":""England"",""country"":""United Kingdom"",""placeId"":""ChIJdd4hrwug2EcRmSrV3Vo6llI"",""regionCode"":""England"",""countryCode"":""GB"",""displayName"":""London, United Kingdom""}]"
36,The Custom Studio,"8 The Green, Suite A, Dover, Delaware 19901",9175753920,info@thecustom.studio,thecustom.studio,drive.google.com/open?id=1OvsP6JNquu_wdca5CS473ZGOiaTuAcuh,,Woman / Women / Female -identifying,true,,false,,"[""New York City"",""Los Angeles"",""San Francisco"",""Chicago"",""Detroit"",""Atlanta"",""Miami"",""Houston"",""Dallas"",""Austin""]","[{""city"":""New York"",""region"":""New York"",""country"":""United States"",""placeId"":""ChIJOwg_06VPwokRYv534QaPC8g"",""regionCode"":""NY"",""countryCode"":""US"",""displayName"":""New York, New York""},{""city"":""Los Angeles"",""region"":""California"",""country"":""United States"",""placeId"":""ChIJE9on3F3HwoAR9AhGJW_fL-I"",""regionCode"":""CA"",""countryCode"":""US"",""displayName"":""Los Angeles, California""},{""city"":""San Francisco"",""region"":""California"",""country"":""United States"",""placeId"":""ChIJIQBpAG2ahYAR_6128GcTUEo"",""regionCode"":""CA"",""countryCode"":""US"",""displayName"":""San Francisco, California""},{""city"":""Chicago"",""region"":""Illinois"",""country"":""United States"",""placeId"":""ChIJ7cv00DwsDogRAMDACa2m4K8"",""regionCode"":""IL"",""countryCode"":""US"",""displayName"":""Chicago, Illinois""},{""city"":""Detroit"",""region"":""Michigan"",""country"":""United States"",""placeId"":""ChIJdR3LEAHKJIgR0sS5NU6Gdlc"",""regionCode"":""MI"",""countryCode"":""US"",""displayName"":""Detroit, Michigan""},{""city"":""Atlanta"",""region"":""Georgia"",""country"":""United States"",""placeId"":""ChIJjQmTaV0E9YgRC2MLmS_e_mY"",""regionCode"":""GA"",""countryCode"":""US"",""displayName"":""Atlanta, Georgia""},{""city"":""Miami"",""region"":""Florida"",""country"":""United States"",""placeId"":""ChIJEcHIDqKw2YgRZU-t3XHylv8"",""regionCode"":""FL"",""countryCode"":""US"",""displayName"":""Miami, Florida""},{""city"":""Houston"",""region"":""Texas"",""country"":""United States"",""placeId"":""ChIJAYWNSLS4QIYROwVl894CDco"",""regionCode"":""TX"",""countryCode"":""US"",""displayName"":""Houston, Texas""},{""city"":""Dallas"",""region"":""Texas"",""country"":""United States"",""placeId"":""ChIJS5dFe_cZTIYRj2dH9qSb7Lk"",""regionCode"":""TX"",""countryCode"":""US"",""displayName"":""Dallas, Texas""},{""city"":""Austin"",""region"":""Texas"",""country"":""United States"",""placeId"":""ChIJLwPMoJm1RIYRetVp1EtGm10"",""regionCode"":""TX"",""countryCode"":""US"",""displayName"":""Austin, Texas""}]"
37,Classy Screens Nyc LLC,"Screen Printing, embroidery and onsite customization servies",3474610755,info@classyscreens.com,classyscreens.com,,10,Latinx / Hispanic,true,,false,,"[""New York City""]","[{""city"":""New York"",""region"":""New York"",""country"":""United States"",""placeId"":""ChIJOwg_06VPwokRYv534QaPC8g"",""regionCode"":""NY"",""countryCode"":""US"",""displayName"":""New York, New York""}]"
38,Devlin's Consulting LLC,"2 Blue Slip, Apt 26L, Brooklyn, NY, 11222",6466453516,Pedi Hashemian at pedi@devlins.nyc,devlins.nyc,drive.google.com/open?id=10UPrvtcauKVhqY0rdr8r8tRuOX1gn03D,3,,true,,true,,"[""New York City"",""Los Angeles"",""Miami""]","[{""city"":""New York"",""region"":""New York"",""country"":""United States"",""placeId"":""ChIJOwg_06VPwokRYv534QaPC8g"",""regionCode"":""NY"",""countryCode"":""US"",""displayName"":""New York, New York""},{""city"":""Los Angeles"",""region"":""California"",""country"":""United States"",""placeId"":""ChIJE9on3F3HwoAR9AhGJW_fL-I"",""regionCode"":""CA"",""countryCode"":""US"",""displayName"":""Los Angeles, California""},{""city"":""Miami"",""region"":""Florida"",""country"":""United States"",""placeId"":""ChIJEcHIDqKw2YgRZU-t3XHylv8"",""regionCode"":""FL"",""countryCode"":""US"",""displayName"":""Miami, Florida""}]"
39,Ares Security Consulting Inc.,"442 5th Avenue, Suite 1539, NY, NY 10018",3475810352,ecollazo@aressecurityinc.com,aressecurityinc.com,drive.google.com/open?id=1moRwww_wFiYECyN-RQoNAWs_t3Ty5iQu,60,"Black and/or Black+, Latinx / Hispanic",true,,false,,"[""New York City"",""New Jersey""]","[{""city"":""New York"",""region"":""New York"",""country"":""United States"",""placeId"":""ChIJOwg_06VPwokRYv534QaPC8g"",""regionCode"":""NY"",""countryCode"":""US"",""displayName"":""New York, New York""},{""city"":""Jersey City"",""region"":""New Jersey"",""country"":""United States"",""placeId"":""ChIJ3a-_JdJQwokR2SXNohPwSQI"",""regionCode"":""NJ"",""countryCode"":""US"",""displayName"":""Jersey City, New Jersey""}]"
40,RAVL Inc.,"1050 Lakes Dr. #225 West Covina, CA 91790",6264854426,marijan.rudela@r-avl.com,r-avl.com,,5,Croatian,false,We dont have a need for resale license as we are service based.,false,,"[""Los Angeles""]","[{""city"":""Los Angeles"",""region"":""California"",""country"":""United States"",""placeId"":""ChIJE9on3F3HwoAR9AhGJW_fL-I"",""regionCode"":""CA"",""countryCode"":""US"",""displayName"":""Los Angeles, California""}]"
41,LUC3D Stencils,"410 Emerson Avenue, Pittsburgh PA 15215",14125847743,luc3dprints@gmail.com,etsy.com/shop/LUC3DPRINTS,drive.google.com/open?id=1MBzjA5eBZBDST9_dXpmYY_TIU9G9mWp6,,,false,,false,,"[""Pittsburgh""]","[{""city"":""Pittsburgh"",""region"":""Pennsylvania"",""country"":""United States"",""placeId"":""ChIJA4UGSG_xNIgRNBuiWqEV-Y0"",""regionCode"":""PA"",""countryCode"":""US"",""displayName"":""Pittsburgh, Pennsylvania""}]"
43,An Rong Xu,"52-14 79th Street, Elmhurst, NY, 11373",6466845002,anrongxu@gmail.com,anrongxu.com,,1,Asian,false,,false,,"[""New York City"",""Taipei""]","[{""city"":""New York"",""region"":""New York"",""country"":""United States"",""placeId"":""ChIJOwg_06VPwokRYv534QaPC8g"",""regionCode"":""NY"",""countryCode"":""US"",""displayName"":""New York, New York""},{""city"":""Taipei"",""country"":""Taiwan"",""placeId"":""ChIJmQrivHKsQjQR4MIK3c41aj8"",""countryCode"":""TW"",""displayName"":""Taipei, Taiwan""}]"
44,Drew Escrivá,"New York, NY 11211",5038539929,drew.escriva@gmail.com,drewescriva.com,,,"LGBTQIA+(s), Woman / Women / Female -identifying",false,,false,,"[""New York City"",""Los Angeles""]","[{""city"":""New York"",""region"":""New York"",""country"":""United States"",""placeId"":""ChIJOwg_06VPwokRYv534QaPC8g"",""regionCode"":""NY"",""countryCode"":""US"",""displayName"":""New York, New York""},{""city"":""Los Angeles"",""region"":""California"",""country"":""United States"",""placeId"":""ChIJE9on3F3HwoAR9AhGJW_fL-I"",""regionCode"":""CA"",""countryCode"":""US"",""displayName"":""Los Angeles, California""}]"
45,Christian Rodriguez,"Ridgewood, NY 11385",7184736018,ichristianrodriguez@gmail.com,thechristianrodriguez.com,,1,Latinx / Hispanic,false,As a smaller business I often find it a difficult ask. Clients budgets vary quite a bit. A larger project may dictate a tax charge.,false,,"[""New York City""]","[{""city"":""New York"",""region"":""New York"",""country"":""United States"",""placeId"":""ChIJOwg_06VPwokRYv534QaPC8g"",""regionCode"":""NY"",""countryCode"":""US"",""displayName"":""New York, New York""}]"
46,Jake Inez Photography,"142 N Manhattan Pl Apt. 1 Los Angeles, CA  90004 United States",3102932977,jacobinezphoto@gmail.com,jakeinez.net,,1,Latinx / Hispanic,true,,false,,"[""Los Angeles""]","[{""city"":""Los Angeles"",""region"":""California"",""country"":""United States"",""placeId"":""ChIJE9on3F3HwoAR9AhGJW_fL-I"",""regionCode"":""CA"",""countryCode"":""US"",""displayName"":""Los Angeles, California""}]"
47,Kelsey Cherry,"1920 Linden St Apt 1R Ridgewood, NY 11385",8702432154,hello@kelseycherry.com,kelseycherry.com,,1,Woman / Women / Female -identifying,false,I send taxes post photoshoots to a different banking account.,false,,"[""New York City""]","[{""city"":""New York"",""region"":""New York"",""country"":""United States"",""placeId"":""ChIJOwg_06VPwokRYv534QaPC8g"",""regionCode"":""NY"",""countryCode"":""US"",""displayName"":""New York, New York""}]"
48,Jer Aquino Photo,"14300 Terra Bella Street #22 Panorama City, 91402 CA",9093424552,jeremyaquino2435@gmail.com,jeraquino.com,,,"Asian, Native Hawaiian or Pacific Islander",true,,false,,"[""Los Angeles""]","[{""city"":""Los Angeles"",""region"":""California"",""country"":""United States"",""placeId"":""ChIJE9on3F3HwoAR9AhGJW_fL-I"",""regionCode"":""CA"",""countryCode"":""US"",""displayName"":""Los Angeles, California""}]"
49,Jennelle Fong,"PO Box 11266, Glendale, CA 91226",8186368832,jennellefong@gmail.com,jennelle-fong.com,,,"Asian, Woman / Women / Female -identifying",false,,false,,"[""Los Angeles""]","[{""city"":""Los Angeles"",""region"":""California"",""country"":""United States"",""placeId"":""ChIJE9on3F3HwoAR9AhGJW_fL-I"",""regionCode"":""CA"",""countryCode"":""US"",""displayName"":""Los Angeles, California""}]"
50,Kate Owen,"250 Moore St Apt 409, Brooklyn NY 11206",4155190276,kate@kateowenphotography.com,kateowenphotography.com,,1,"LGBTQIA+(s), Woman / Women / Female -identifying",false,Service based,false,,"[""New York City"",""Los Angeles"",""San Francisco""]","[{""city"":""New York"",""region"":""New York"",""country"":""United States"",""placeId"":""ChIJOwg_06VPwokRYv534QaPC8g"",""regionCode"":""NY"",""countryCode"":""US"",""displayName"":""New York, New York""},{""city"":""Los Angeles"",""region"":""California"",""country"":""United States"",""placeId"":""ChIJE9on3F3HwoAR9AhGJW_fL-I"",""regionCode"":""CA"",""countryCode"":""US"",""displayName"":""Los Angeles, California""},{""city"":""San Francisco"",""region"":""California"",""country"":""United States"",""placeId"":""ChIJIQBpAG2ahYAR_6128GcTUEo"",""regionCode"":""CA"",""countryCode"":""US"",""displayName"":""San Francisco, California""}]"
51,Erin Olivia Dickman Photography,"1010 Carroll Street, Apt 1R, Brooklyn, NY 11225",6783430529,hey@erinoliviadickman.com,erinoliviadickman.com,,1,Woman / Women / Female -identifying,false,"Professional service not subject to sales tax in NYC, no tangible goods.",false,,"[""New York City"",""Atlanta""]","[{""city"":""New York"",""region"":""New York"",""country"":""United States"",""placeId"":""ChIJOwg_06VPwokRYv534QaPC8g"",""regionCode"":""NY"",""countryCode"":""US"",""displayName"":""New York, New York""},{""city"":""Atlanta"",""region"":""Georgia"",""country"":""United States"",""placeId"":""ChIJjQmTaV0E9YgRC2MLmS_e_mY"",""regionCode"":""GA"",""countryCode"":""US"",""displayName"":""Atlanta, Georgia""}]"
52,Maddy Pease Creative,"3547 London St. Los Angeles, CA 90026",9168388428,maddyjopease@gmail.com,maddypeasecreative.com,,0,,false,Services,false,,"[""Los Angeles""]","[{""city"":""Los Angeles"",""region"":""California"",""country"":""United States"",""placeId"":""ChIJE9on3F3HwoAR9AhGJW_fL-I"",""regionCode"":""CA"",""countryCode"":""US"",""displayName"":""Los Angeles, California""}]"
53,"Maegan Gindi Studio, Inc.","14 Verona Place, Apt 4, Brooklyn NY 11216",7189749573,mg@maegangindi.com,maegangindi.com,,`,"LGBTQIA+(s), Woman / Women / Female -identifying, MENA / Middle Eastern North African",false,,false,,"[""New York City"",""Los Angeles""]","[{""city"":""New York"",""region"":""New York"",""country"":""United States"",""placeId"":""ChIJOwg_06VPwokRYv534QaPC8g"",""regionCode"":""NY"",""countryCode"":""US"",""displayName"":""New York, New York""},{""city"":""Los Angeles"",""region"":""California"",""country"":""United States"",""placeId"":""ChIJE9on3F3HwoAR9AhGJW_fL-I"",""regionCode"":""CA"",""countryCode"":""US"",""displayName"":""Los Angeles, California""}]"
54,Cobey Arner,"84 Madison Street #12 New York, NY 10002",6785490186,studio@cobeyarner.com,cobeyarner.com,,,,false,,false,,"[""New York City""]","[{""city"":""New York"",""region"":""New York"",""country"":""United States"",""placeId"":""ChIJOwg_06VPwokRYv534QaPC8g"",""regionCode"":""NY"",""countryCode"":""US"",""displayName"":""New York, New York""}]"
55,Studio Beaumont,"New York, NY 10002",9172153020,hello@gabriellebeaumont.com,gabriellebeaumont.com,,,Woman / Women / Female -identifying,false,,false,,"[""New York City""]","[{""city"":""New York"",""region"":""New York"",""country"":""United States"",""placeId"":""ChIJOwg_06VPwokRYv534QaPC8g"",""regionCode"":""NY"",""countryCode"":""US"",""displayName"":""New York, New York""}]"
56,Molly Tavoletti,"25 Cumming St., 3D, New York, New York, 10034",4127263720,mollytavoletti@gmail.com,molly-tavoletti.com,,1,Woman / Women / Female -identifying,false,,false,,"[""New York City""]","[{""city"":""New York"",""region"":""New York"",""country"":""United States"",""placeId"":""ChIJOwg_06VPwokRYv534QaPC8g"",""regionCode"":""NY"",""countryCode"":""US"",""displayName"":""New York, New York""}]"
57,Pia Riverola,"434 E 10th St, Apt 3, New York, NY, 10009",2133277838,piariverola@gmail.com,piariverola.com,,,Woman / Women / Female -identifying,true,,false,,"[""New York City""]","[{""city"":""New York"",""region"":""New York"",""country"":""United States"",""placeId"":""ChIJOwg_06VPwokRYv534QaPC8g"",""regionCode"":""NY"",""countryCode"":""US"",""displayName"":""New York, New York""}]"
58,Paige Powell LLC,Brooklyn NY 11249,9258999044,paige@paigepowell.co,paigepowell.co,,,Woman / Women / Female -identifying,false,,false,,"[""New York City""]","[{""city"":""New York"",""region"":""New York"",""country"":""United States"",""placeId"":""ChIJOwg_06VPwokRYv534QaPC8g"",""regionCode"":""NY"",""countryCode"":""US"",""displayName"":""New York, New York""}]"
59,Mon Petit Canard,New York NY 11231,9175477715,emmaleighmacdonald@gmail.com,mpc.restaurant,,2,Woman / Women / Female -identifying,false,,false,"

--- Merged Conflicts ---
Phone: 9175895115
Email: rowan.ts@gmail.com
Website: https://www.instagram.com/rowanspencer__/","[""New York City""]","[{""city"":""New York"",""region"":""New York"",""country"":""United States"",""placeId"":""ChIJOwg_06VPwokRYv534QaPC8g"",""regionCode"":""NY"",""countryCode"":""US"",""displayName"":""New York, New York""}]"
61,SACNET INC,50 Van Houten Ave. 1st Floor. New Jersey NJ 07305.,9293720329,huyylluong@gmail.com,instagram.com/huyylluong,,1,"LGBTQIA+(s), Asian",false,tax absorbed in rate,false,,"[""New York City""]","[{""city"":""New York"",""region"":""New York"",""country"":""United States"",""placeId"":""ChIJOwg_06VPwokRYv534QaPC8g"",""regionCode"":""NY"",""countryCode"":""US"",""displayName"":""New York, New York""}]"
62,Rowan Spencer,281 President St Brooklyn NY 11231,9175895115,rowan.ts@gmail.com,instagram.com/rowanspencer__,,1,,false,,false,,"[""New York City"",""Philadelphia""]","[{""city"":""New York"",""region"":""New York"",""country"":""United States"",""placeId"":""ChIJOwg_06VPwokRYv534QaPC8g"",""regionCode"":""NY"",""countryCode"":""US"",""displayName"":""New York, New York""},{""city"":""Philadelphia"",""region"":""Pennsylvania"",""country"":""United States"",""placeId"":""ChIJ60u11Ni3xokRwVg-jNgU9Yk"",""regionCode"":""PA"",""countryCode"":""US"",""displayName"":""Philadelphia, Pennsylvania""}]"
63,Ampa Entertainment Inc,"6701 Janway RD, Henrico, VA 23228",8043585451,info@ampaevents.com,ampaevents.com,,10,Certified Small Business,true,,false,"AMPA ENTERTAINMENT, INC DBA

--- Merged Conflicts ---
Address: 6701 Janway Rd, Henrico, VA 23228
Email: Info@ampaevents.com
Website: ampaevents.com","[""Richmond""]","[{""city"":""Richmond"",""region"":""Virginia"",""country"":""United States"",""placeId"":""ChIJ7cmZVwkRsYkRxTxC4m0-2L8"",""regionCode"":""VA"",""countryCode"":""US"",""displayName"":""Richmond, Virginia""}]"
64,Emura & Associates,"544 PARK AVE. SUITE 203 BROOKLYN, NY 11205",9292934594,fujioemura@gmail.com,fujioemura.com,,,"LGBTQIA+(s), Asian",true,,false,,"[""New York City""]","[{""city"":""New York"",""region"":""New York"",""country"":""United States"",""placeId"":""ChIJOwg_06VPwokRYv534QaPC8g"",""regionCode"":""NY"",""countryCode"":""US"",""displayName"":""New York, New York""}]"
66,el creativo inc.,"514 w. Whittier blvd Montebello ca, 90640",2135707953,hola@elcreativola.com,elcreativola.com,,3,"LGBTQIA+(s), Latinx / Hispanic",true,,false,,"[""Los Angeles""]","[{""city"":""Los Angeles"",""region"":""California"",""country"":""United States"",""placeId"":""ChIJE9on3F3HwoAR9AhGJW_fL-I"",""regionCode"":""CA"",""countryCode"":""US"",""displayName"":""Los Angeles, California""}]"
67,Rana Flora LLC,56 7th Ave #18H New York NY 10011,9175682496,rana@ranaflora.com,ranaflora.com,,,,true,,false,,"[""New York City""]","[{""city"":""New York"",""region"":""New York"",""country"":""United States"",""placeId"":""ChIJOwg_06VPwokRYv534QaPC8g"",""regionCode"":""NY"",""countryCode"":""US"",""displayName"":""New York, New York""}]"
68,Blomour,"Puglia, Italy",393917396893,hello@blomour.com,blomour.com,,1,,true,,false,,,[]
69,ARLO Communal,"78 Mulberry Street, 10013, New York",9296393924,cal@arlocommunal.com,arlocommunal.com,,2,Prefer not to answer,true,,false,,"[""New York City""]","[{""city"":""New York"",""region"":""New York"",""country"":""United States"",""placeId"":""ChIJOwg_06VPwokRYv534QaPC8g"",""regionCode"":""NY"",""countryCode"":""US"",""displayName"":""New York, New York""}]"
70,"Clare de Boer, Stissing House","Brooklyn, 11215",9176786950,claredeboer@gmail.com,stissinghouse.com,,100,Woman / Women / Female -identifying,true,,false,,"[""New York City""]","[{""city"":""New York"",""region"":""New York"",""country"":""United States"",""placeId"":""ChIJOwg_06VPwokRYv534QaPC8g"",""regionCode"":""NY"",""countryCode"":""US"",""displayName"":""New York, New York""}]"
71,Andy Baraghani inc,"318 beaver dam road, Brookhaven, NY 11719",9175973776,andybaraghani@gmail.com,andybaraghani.com,,1,LGBTQIA+(s),true,,false,,"[""New York City""]","[{""city"":""New York"",""region"":""New York"",""country"":""United States"",""placeId"":""ChIJOwg_06VPwokRYv534QaPC8g"",""regionCode"":""NY"",""countryCode"":""US"",""displayName"":""New York, New York""}]"
72,Romilly B. Productions,"c/o AIRE LLC 225 Rector Place Suite 16D New York, NY 10280",4043149965,rn@aire-ny.com,,canva.com/design/DAGP5XReICs/vlQr4w_XXFG7NrwJ8BC6YQ/view?utm_content=DAGP5XReICs&utm_campaign=designshare&utm_medium=link2&utm_source=uniquelinks&utlId=hb2055bc8d4,1,Woman / Women / Female -identifying,false,no sales tax but do sometimes charge 20% AIRE management fee on top of talent services fee,false,,"[""New York City""]","[{""city"":""New York"",""region"":""New York"",""country"":""United States"",""placeId"":""ChIJOwg_06VPwokRYv534QaPC8g"",""regionCode"":""NY"",""countryCode"":""US"",""displayName"":""New York, New York""}]"
73,Bad Taste,"No storefront address, but my mailing address is Jennifer Monroe / 6024 Palmetto St. #2 / Ridgewood NY 11385",2035704959,jen@badtaste.biz,badtaste.biz,,,Woman / Women / Female -identifying,true,,false,,"[""New York City""]","[{""city"":""New York"",""region"":""New York"",""country"":""United States"",""placeId"":""ChIJOwg_06VPwokRYv534QaPC8g"",""regionCode"":""NY"",""countryCode"":""US"",""displayName"":""New York, New York""}]"
74,Printomo LLC,"5 Ladentown Road, Pomona, NY 10970",9174558516,cad@printomo.co,printomo.co,,11,Latinx / Hispanic,true,,false,,"[""New York City"",""Los Angeles"",""Chicago"",""Miami""]","[{""city"":""New York"",""region"":""New York"",""country"":""United States"",""placeId"":""ChIJOwg_06VPwokRYv534QaPC8g"",""regionCode"":""NY"",""countryCode"":""US"",""displayName"":""New York, New York""},{""city"":""Los Angeles"",""region"":""California"",""country"":""United States"",""placeId"":""ChIJE9on3F3HwoAR9AhGJW_fL-I"",""regionCode"":""CA"",""countryCode"":""US"",""displayName"":""Los Angeles, California""},{""city"":""Chicago"",""region"":""Illinois"",""country"":""United States"",""placeId"":""ChIJ7cv00DwsDogRAMDACa2m4K8"",""regionCode"":""IL"",""countryCode"":""US"",""displayName"":""Chicago, Illinois""},{""city"":""Miami"",""region"":""Florida"",""country"":""United States"",""placeId"":""ChIJEcHIDqKw2YgRZU-t3XHylv8"",""regionCode"":""FL"",""countryCode"":""US"",""displayName"":""Miami, Florida""}]"
75,Guarionex Rodriguez Jr,"697 Decatur St, Ground Floor, Brooklyn NY 11233",7816323066,guario.photo@gmail.com,guarionexjr.com,,,,false,Freelancer,false,,"[""New York City""]","[{""city"":""New York"",""region"":""New York"",""country"":""United States"",""placeId"":""ChIJOwg_06VPwokRYv534QaPC8g"",""regionCode"":""NY"",""countryCode"":""US"",""displayName"":""New York, New York""}]"
76,Pinch Food Design,545 W 27TH ST,9178366270,Marjorie@pinchfooddesign.com,pinchfooddesign.com,,35,,true,,false,,"[""New York City""]","[{""city"":""New York"",""region"":""New York"",""country"":""United States"",""placeId"":""ChIJOwg_06VPwokRYv534QaPC8g"",""regionCode"":""NY"",""countryCode"":""US"",""displayName"":""New York, New York""}]"
77,WME Music,"11 Madison Ave, New York, NY, 10010",3109224334,MCQ@wmeagency.com,wmeagency.com,,7000+,,false,,false,,"[""New York City"",""Los Angeles"",""Miami"",""London"",""Sydney"",""Nashville""]","[{""city"":""New York"",""region"":""New York"",""country"":""United States"",""placeId"":""ChIJOwg_06VPwokRYv534QaPC8g"",""regionCode"":""NY"",""countryCode"":""US"",""displayName"":""New York, New York""},{""city"":""Los Angeles"",""region"":""California"",""country"":""United States"",""placeId"":""ChIJE9on3F3HwoAR9AhGJW_fL-I"",""regionCode"":""CA"",""countryCode"":""US"",""displayName"":""Los Angeles, California""},{""city"":""Miami"",""region"":""Florida"",""country"":""United States"",""placeId"":""ChIJEcHIDqKw2YgRZU-t3XHylv8"",""regionCode"":""FL"",""countryCode"":""US"",""displayName"":""Miami, Florida""},{""city"":""London"",""region"":""England"",""country"":""United Kingdom"",""placeId"":""ChIJdd4hrwug2EcRmSrV3Vo6llI"",""regionCode"":""England"",""countryCode"":""GB"",""displayName"":""London, United Kingdom""},{""city"":""Sydney"",""region"":""New South Wales"",""country"":""Australia"",""placeId"":""ChIJP3Sa8ziYEmsRUKgyFmh9AQM"",""regionCode"":""NSW"",""countryCode"":""AU"",""displayName"":""Sydney, Australia""},{""city"":""Nashville"",""region"":""Tennessee"",""country"":""United States"",""placeId"":""ChIJPZDrEzLsZIgRoNrpodC5P30"",""regionCode"":""TN"",""countryCode"":""US"",""displayName"":""Nashville, Tennessee""}]"
78,Ananas Ananas,850 N Hoover #4 Los Angeles CA 90029,8182811936,Elena@ananasananas.com,ananasananas.com,,2,"Latinx / Hispanic, Woman / Women / Female -identifying",true,,false,,"[""Los Angeles""]","[{""city"":""Los Angeles"",""region"":""California"",""country"":""United States"",""placeId"":""ChIJE9on3F3HwoAR9AhGJW_fL-I"",""regionCode"":""CA"",""countryCode"":""US"",""displayName"":""Los Angeles, California""}]"
79,Sienna Murdoch,"8 Albion Square, London, E8 4ES",07708053260,Hello@sienna.world,sienna.world,,1,"LGBTQIA+(s), Woman / Women / Female -identifying",false,,false,,"[""London""]","[{""city"":""London"",""region"":""England"",""country"":""United Kingdom"",""placeId"":""ChIJdd4hrwug2EcRmSrV3Vo6llI"",""regionCode"":""England"",""countryCode"":""GB"",""displayName"":""London, United Kingdom""}]"
80,On the Move Entertainment,123 west 30th street NY NY 10001,2122291009,darren@onthemove.com,onthemove.com,,20,,false,Service only,false,,"[""New York City"",""Los Angeles"",""Miami""]","[{""city"":""New York"",""region"":""New York"",""country"":""United States"",""placeId"":""ChIJOwg_06VPwokRYv534QaPC8g"",""regionCode"":""NY"",""countryCode"":""US"",""displayName"":""New York, New York""},{""city"":""Los Angeles"",""region"":""California"",""country"":""United States"",""placeId"":""ChIJE9on3F3HwoAR9AhGJW_fL-I"",""regionCode"":""CA"",""countryCode"":""US"",""displayName"":""Los Angeles, California""},{""city"":""Miami"",""region"":""Florida"",""country"":""United States"",""placeId"":""ChIJEcHIDqKw2YgRZU-t3XHylv8"",""regionCode"":""FL"",""countryCode"":""US"",""displayName"":""Miami, Florida""}]"
81,Never Ending Taste,"210 Huron St. Apt 1D, Brooklyn, NY 11222",6465893148,morethancakebook@gmail.com,natasha-pickowicz.com,,,"Asian, Woman / Women / Female -identifying",false,,false,,"[""New York City""]","[{""city"":""New York"",""region"":""New York"",""country"":""United States"",""placeId"":""ChIJOwg_06VPwokRYv534QaPC8g"",""regionCode"":""NY"",""countryCode"":""US"",""displayName"":""New York, New York""}]"
82,Moon Jar Design,6415 Crescent St. Los Angeles CA 90042,9092483702,hello@moonjardesign.com,moonjardesign.com,,,"Disabled Person(s), LGBTQIA+(s), Asian",true,,false,,"[""Los Angeles""]","[{""city"":""Los Angeles"",""region"":""California"",""country"":""United States"",""placeId"":""ChIJE9on3F3HwoAR9AhGJW_fL-I"",""regionCode"":""CA"",""countryCode"":""US"",""displayName"":""Los Angeles, California""}]"
83,BALO.co,2493 wabash ave Los Ángeles ca 90033,3476147586,balo.orozc@gmail.com,sunsetculturesla.com,,4,Latinx / Hispanic,true,,false,,"[""Los Angeles""]","[{""city"":""Los Angeles"",""region"":""California"",""country"":""United States"",""placeId"":""ChIJE9on3F3HwoAR9AhGJW_fL-I"",""regionCode"":""CA"",""countryCode"":""US"",""displayName"":""Los Angeles, California""}]"
84,Entriken Studio,79 lorimer st 4b brooklyn ny 11206,7187531107,katherine@entriken.studio,entriken.studio,,1,"Asian, Woman / Women / Female -identifying",true,,false,,"[""New York City""]","[{""city"":""New York"",""region"":""New York"",""country"":""United States"",""placeId"":""ChIJOwg_06VPwokRYv534QaPC8g"",""regionCode"":""NY"",""countryCode"":""US"",""displayName"":""New York, New York""}]"
85,Khayoka,"3 St Matthews Row, Shoreditch, London, E2 6DT",447563902640,keziahscs@gmail.com / khayoka.studio@gmail.com,khayoka.com,,0,,false,Not necessary at present,false,,"[""London""]","[{""city"":""London"",""region"":""England"",""country"":""United Kingdom"",""placeId"":""ChIJdd4hrwug2EcRmSrV3Vo6llI"",""regionCode"":""England"",""countryCode"":""GB"",""displayName"":""London, United Kingdom""}]"
86,Vitamin Color,Duesseldorfer Strasse 60 Berlin 10707 Germany (Incorporated in Germany but coming to the US for projects),4917624530190,hello@vitamincolor.com,vitamincolor.com,,,Woman / Women / Female -identifying,true,,false,,"[""New York City""]","[{""city"":""New York"",""region"":""New York"",""country"":""United States"",""placeId"":""ChIJOwg_06VPwokRYv534QaPC8g"",""regionCode"":""NY"",""countryCode"":""US"",""displayName"":""New York, New York""}]"
87,Pith Corporation,"132 Mulberry Street, 6th Floor, New York NY 10013",6176500578,jonah@jonahreider.com,jonahreider.com / www.thespot.nyc,,,,true,,false,,"[""New York City""]","[{""city"":""New York"",""region"":""New York"",""country"":""United States"",""placeId"":""ChIJOwg_06VPwokRYv534QaPC8g"",""regionCode"":""NY"",""countryCode"":""US"",""displayName"":""New York, New York""}]"
88,"Think Box Media, inc.","188 N Main St, Freeport NY 11520",5164157070,stephane@thinkboxvms.com,thinkboxvms.com,,,,true,,false,,"[""New York City"",""Los Angeles"",""San Francisco"",""Detroit"",""Miami"",""Houston"",""Dallas"",""Austin""]","[{""city"":""New York"",""region"":""New York"",""country"":""United States"",""placeId"":""ChIJOwg_06VPwokRYv534QaPC8g"",""regionCode"":""NY"",""countryCode"":""US"",""displayName"":""New York, New York""},{""city"":""Los Angeles"",""region"":""California"",""country"":""United States"",""placeId"":""ChIJE9on3F3HwoAR9AhGJW_fL-I"",""regionCode"":""CA"",""countryCode"":""US"",""displayName"":""Los Angeles, California""},{""city"":""San Francisco"",""region"":""California"",""country"":""United States"",""placeId"":""ChIJIQBpAG2ahYAR_6128GcTUEo"",""regionCode"":""CA"",""countryCode"":""US"",""displayName"":""San Francisco, California""},{""city"":""Detroit"",""region"":""Michigan"",""country"":""United States"",""placeId"":""ChIJdR3LEAHKJIgR0sS5NU6Gdlc"",""regionCode"":""MI"",""countryCode"":""US"",""displayName"":""Detroit, Michigan""},{""city"":""Miami"",""region"":""Florida"",""country"":""United States"",""placeId"":""ChIJEcHIDqKw2YgRZU-t3XHylv8"",""regionCode"":""FL"",""countryCode"":""US"",""displayName"":""Miami, Florida""},{""city"":""Houston"",""region"":""Texas"",""country"":""United States"",""placeId"":""ChIJAYWNSLS4QIYROwVl894CDco"",""regionCode"":""TX"",""countryCode"":""US"",""displayName"":""Houston, Texas""},{""city"":""Dallas"",""region"":""Texas"",""country"":""United States"",""placeId"":""ChIJS5dFe_cZTIYRj2dH9qSb7Lk"",""regionCode"":""TX"",""countryCode"":""US"",""displayName"":""Dallas, Texas""},{""city"":""Austin"",""region"":""Texas"",""country"":""United States"",""placeId"":""ChIJLwPMoJm1RIYRetVp1EtGm10"",""regionCode"":""TX"",""countryCode"":""US"",""displayName"":""Austin, Texas""}]"
89,Field Studies Flora,"1027 Grand Street, #438 Brooklyn, NY 11211",2126554611,studio@fieldstudiesflora.com,fieldstudiesflora.com,,,Woman / Women / Female -identifying,true,,false,,"[""New York City""]","[{""city"":""New York"",""region"":""New York"",""country"":""United States"",""placeId"":""ChIJOwg_06VPwokRYv534QaPC8g"",""regionCode"":""NY"",""countryCode"":""US"",""displayName"":""New York, New York""}]"
90,Sophie Lou Jacobsen,"371 Madison Street, New York, NY 10002",3136189219,info@sophieloujacobsen.com,sophieloujacobsen.com,,,,false,,false,,"[""New York City""]","[{""city"":""New York"",""region"":""New York"",""country"":""United States"",""placeId"":""ChIJOwg_06VPwokRYv534QaPC8g"",""regionCode"":""NY"",""countryCode"":""US"",""displayName"":""New York, New York""}]"
91,Studio Mondine,"930 Dwight Way, California, 94707",4084170814,amanda@studiomondine.com,studiomondine.com,,3,"Asian, Woman / Women / Female -identifying",true,,false,,"[""New York City"",""Los Angeles"",""San Francisco"",""Santa Barbara""]","[{""city"":""New York"",""region"":""New York"",""country"":""United States"",""placeId"":""ChIJOwg_06VPwokRYv534QaPC8g"",""regionCode"":""NY"",""countryCode"":""US"",""displayName"":""New York, New York""},{""city"":""Los Angeles"",""region"":""California"",""country"":""United States"",""placeId"":""ChIJE9on3F3HwoAR9AhGJW_fL-I"",""regionCode"":""CA"",""countryCode"":""US"",""displayName"":""Los Angeles, California""},{""city"":""San Francisco"",""region"":""California"",""country"":""United States"",""placeId"":""ChIJIQBpAG2ahYAR_6128GcTUEo"",""regionCode"":""CA"",""countryCode"":""US"",""displayName"":""San Francisco, California""},{""city"":""Santa Barbara"",""region"":""California"",""country"":""United States"",""placeId"":""ChIJ1YMtb8cU6YARSHa612Q60cg"",""regionCode"":""CA"",""countryCode"":""US"",""displayName"":""Santa Barbara, California""}]"
92,Pilaf Productions LTD,"851 Park Place, apt 1, Brooklyn, NY 11216",5025523506,abernathy.pierce@gmail.com,pierceabernathy.com,,1,,false,,false,,"[""New York City""]","[{""city"":""New York"",""region"":""New York"",""country"":""United States"",""placeId"":""ChIJOwg_06VPwokRYv534QaPC8g"",""regionCode"":""NY"",""countryCode"":""US"",""displayName"":""New York, New York""}]"
93,Spilt Milk Collective,"169 Madison Ave, New York, NY",2073218505,zoe@spiltmilkcollective.com,spiltmilkcollective.com,,1,"LGBTQIA+(s), Woman / Women / Female -identifying",true,,false,,"[""New York City"",""Los Angeles"",""Portland""]","[{""city"":""New York"",""region"":""New York"",""country"":""United States"",""placeId"":""ChIJOwg_06VPwokRYv534QaPC8g"",""regionCode"":""NY"",""countryCode"":""US"",""displayName"":""New York, New York""},{""city"":""Los Angeles"",""region"":""California"",""country"":""United States"",""placeId"":""ChIJE9on3F3HwoAR9AhGJW_fL-I"",""regionCode"":""CA"",""countryCode"":""US"",""displayName"":""Los Angeles, California""},{""city"":""Portland"",""region"":""Oregon"",""country"":""United States"",""placeId"":""ChIJJ3SpfQsLlVQRkYXR9ua5Nhw"",""regionCode"":""OR"",""countryCode"":""US"",""displayName"":""Portland, Oregon""}]"
94,99,"185 Van Buren St, Apt. 4, Brooklyn, NY 11221",6784692858,hi.ninetynine@gmail.com,99store.bigcartel.com,,1,"Asian, Woman / Women / Female -identifying",false,I wasn't aware that I should be charging a sales tax,false,,"[""New York City""]","[{""city"":""New York"",""region"":""New York"",""country"":""United States"",""placeId"":""ChIJOwg_06VPwokRYv534QaPC8g"",""regionCode"":""NY"",""countryCode"":""US"",""displayName"":""New York, New York""}]"
95,Flowers by Ford,56 Bogart St Brooklyn NY 11206,8708331809,molly@flowersbyford.com,flowersbyford.com,,2,Woman / Women / Female -identifying,true,,false,,"[""New York City""]","[{""city"":""New York"",""region"":""New York"",""country"":""United States"",""placeId"":""ChIJOwg_06VPwokRYv534QaPC8g"",""regionCode"":""NY"",""countryCode"":""US"",""displayName"":""New York, New York""}]"
96,Louise Roe (via VSJ Consulting),"28 Warren St, 5th Floor, New York, NY 10007 (VSJ Consulting showroom)",9173558929,sylvie@vsj-consulting.com,vsj-consulting.com,,,,false,,false,,"[""New York City""]","[{""city"":""New York"",""region"":""New York"",""country"":""United States"",""placeId"":""ChIJOwg_06VPwokRYv534QaPC8g"",""regionCode"":""NY"",""countryCode"":""US"",""displayName"":""New York, New York""}]"
97,Gab Bois Studio,"405-10138 Lajeunesse St., Montreal (QC), Canada, H3L 2E2",11111111,ariana@gabbois.com,gabbois.com,,,Woman / Women / Female -identifying,true,,false,,,[]
98,DATAGRAPHIC,"4 BRAYTON CT, COMMACK NY 11725",5167709069,GLENN@DATAGRAPHICDESIGN.COM,datagraphicdesign.com,,~40,,false,No sales tax for resale or if shipping out of NY State.,false,,"[""New York City""]","[{""city"":""New York"",""region"":""New York"",""country"":""United States"",""placeId"":""ChIJOwg_06VPwokRYv534QaPC8g"",""regionCode"":""NY"",""countryCode"":""US"",""displayName"":""New York, New York""}]"
100,Joon Eats,35969 State Route 10 Hamden NY 13782,4084805150,hello@joon-eats.com,joon-eats.com,,1,"Woman / Women / Female -identifying, Middle Eastern",true,,false,,"[""New York City"",""Los Angeles"",""San Francisco""]","[{""city"":""New York"",""region"":""New York"",""country"":""United States"",""placeId"":""ChIJOwg_06VPwokRYv534QaPC8g"",""regionCode"":""NY"",""countryCode"":""US"",""displayName"":""New York, New York""},{""city"":""Los Angeles"",""region"":""California"",""country"":""United States"",""placeId"":""ChIJE9on3F3HwoAR9AhGJW_fL-I"",""regionCode"":""CA"",""countryCode"":""US"",""displayName"":""Los Angeles, California""},{""city"":""San Francisco"",""region"":""California"",""country"":""United States"",""placeId"":""ChIJIQBpAG2ahYAR_6128GcTUEo"",""regionCode"":""CA"",""countryCode"":""US"",""displayName"":""San Francisco, California""}]"
101,Sophie's Table,"86 E 10th St, New York, NY",6469445346,assistant@sophiestable.com,instagram.com/sophiedalah,,3,,true,,false,,"[""New York City"",""Los Angeles""]","[{""city"":""New York"",""region"":""New York"",""country"":""United States"",""placeId"":""ChIJOwg_06VPwokRYv534QaPC8g"",""regionCode"":""NY"",""countryCode"":""US"",""displayName"":""New York, New York""},{""city"":""Los Angeles"",""region"":""California"",""country"":""United States"",""placeId"":""ChIJE9on3F3HwoAR9AhGJW_fL-I"",""regionCode"":""CA"",""countryCode"":""US"",""displayName"":""Los Angeles, California""}]"
102,Les Filles,"1670 La Baig Ave, D, Los Angeles CA 90028",9179824665,bec@lesfilles.cc,lesfilles.cc,,3,Woman / Women / Female -identifying,false,,false,,"[""New York City"",""Los Angeles"",""Chicago"",""Miami""]","[{""city"":""New York"",""region"":""New York"",""country"":""United States"",""placeId"":""ChIJOwg_06VPwokRYv534QaPC8g"",""regionCode"":""NY"",""countryCode"":""US"",""displayName"":""New York, New York""},{""city"":""Los Angeles"",""region"":""California"",""country"":""United States"",""placeId"":""ChIJE9on3F3HwoAR9AhGJW_fL-I"",""regionCode"":""CA"",""countryCode"":""US"",""displayName"":""Los Angeles, California""},{""city"":""Chicago"",""region"":""Illinois"",""country"":""United States"",""placeId"":""ChIJ7cv00DwsDogRAMDACa2m4K8"",""regionCode"":""IL"",""countryCode"":""US"",""displayName"":""Chicago, Illinois""},{""city"":""Miami"",""region"":""Florida"",""country"":""United States"",""placeId"":""ChIJEcHIDqKw2YgRZU-t3XHylv8"",""regionCode"":""FL"",""countryCode"":""US"",""displayName"":""Miami, Florida""}]"
103,Cosas Rosas Inc,"1128 1/4 Laveta Ter, Los Angeles, CA 90026",8165470307,carolina@cosasrosas.com,caro-lina.com,,1,"Latinx / Hispanic, Woman / Women / Female -identifying",false,Photography services are considered professional services which are generally not subject to sales tax,false,,"[""Los Angeles""]","[{""city"":""Los Angeles"",""region"":""California"",""country"":""United States"",""placeId"":""ChIJE9on3F3HwoAR9AhGJW_fL-I"",""regionCode"":""CA"",""countryCode"":""US"",""displayName"":""Los Angeles, California""}]"
104,Woldy Kusina,"75 N. Henry St. #3F, Brooklyn NY 11222",6262468095,woldy@woldykusina.com,woldykusina.com,,,"Disabled Person(s), LGBTQIA+(s), Asian",true,,false,,"[""New York City""]","[{""city"":""New York"",""region"":""New York"",""country"":""United States"",""placeId"":""ChIJOwg_06VPwokRYv534QaPC8g"",""regionCode"":""NY"",""countryCode"":""US"",""displayName"":""New York, New York""}]"
105,Tre Crews,11226,3862992654,tre@trecrews.com,trecrews.com,,,,false,,false,,"[""New York City""]","[{""city"":""New York"",""region"":""New York"",""country"":""United States"",""placeId"":""ChIJOwg_06VPwokRYv534QaPC8g"",""regionCode"":""NY"",""countryCode"":""US"",""displayName"":""New York, New York""}]"
106,Elan Artists,"251 West 39th Street Floor 2 New York, NY. 10018",9515519263,james@elanartists.com,elanartists.com,,,,true,,false,,"[""New York City""]","[{""city"":""New York"",""region"":""New York"",""country"":""United States"",""placeId"":""ChIJOwg_06VPwokRYv534QaPC8g"",""regionCode"":""NY"",""countryCode"":""US"",""displayName"":""New York, New York""}]"
107,MADRE LINEN,"2024 N Argyle St, Portland, OR 97217",4153076088,shay@madrelinen.com,madrelinen.com,,0,"Latinx / Hispanic, Woman / Women / Female -identifying",false,sales tax is not collected in the state of OR,false,"

--- Merged Conflicts ---
Address: 2104 N Saratogs St, Portland OR 97217
Employee Count: 1
Sales Tax Notes: Oregon based, no sales tax","[""Portland""]","[{""city"":""Portland"",""region"":""Oregon"",""country"":""United States"",""placeId"":""ChIJJ3SpfQsLlVQRkYXR9ua5Nhw"",""regionCode"":""OR"",""countryCode"":""US"",""displayName"":""Portland, Oregon""}]"
108,181 Mott Cafe LLC d.b.a. Gem Home,"181 Mott Street, NY, NY 10012",9175536176,lily@gemhomenyc.com,gemhomenyc.com,,10,,true,,false,,"[""New York City""]","[{""city"":""New York"",""region"":""New York"",""country"":""United States"",""placeId"":""ChIJOwg_06VPwokRYv534QaPC8g"",""regionCode"":""NY"",""countryCode"":""US"",""displayName"":""New York, New York""}]"
109,VR Calligraphy & Design LLC,667 grand street apt 205 Jersey City New Jersey 07304,9176246825,viviane@vivianerodriguescalligraphy.com,vivianerodriguescalligraphy.com,,2,"Latinx / Hispanic, Woman / Women / Female -identifying",true,,false,,"[""New York City""]","[{""city"":""New York"",""region"":""New York"",""country"":""United States"",""placeId"":""ChIJOwg_06VPwokRYv534QaPC8g"",""regionCode"":""NY"",""countryCode"":""US"",""displayName"":""New York, New York""}]"
110,Caro Diario,"26, rue Damrémont 75018 Paris FRANCE",33659178161,zelikha@carodiarioparis.com,carodiarioparis.com,,,Black and/or Black+,false,,false,,"[""Paris""]","[{""city"":""Paris"",""region"":""Île-de-France"",""country"":""France"",""placeId"":""ChIJD7fiBh9u5kcRYJSMaMOCCwQ"",""regionCode"":""IDF"",""countryCode"":""FR"",""displayName"":""Paris, France""}]"
112,Original Rose,"343 e 30th st #19 H, New York ny 10016",6463426685,Olivia@originalrose.com,instagram.com/originalrose,,2,Woman / Women / Female -identifying,true,,false,,"[""New York City""]","[{""city"":""New York"",""region"":""New York"",""country"":""United States"",""placeId"":""ChIJOwg_06VPwokRYv534QaPC8g"",""regionCode"":""NY"",""countryCode"":""US"",""displayName"":""New York, New York""}]"
113,Pearl Jones,1311 Pacfic St Apt 601,17074846420,Michelle@lalaland-group.com,lalaland-artists.com/artists/pearl-jones,,,,false,,false,,"[""New York City"",""Los Angeles""]","[{""city"":""New York"",""region"":""New York"",""country"":""United States"",""placeId"":""ChIJOwg_06VPwokRYv534QaPC8g"",""regionCode"":""NY"",""countryCode"":""US"",""displayName"":""New York, New York""},{""city"":""Los Angeles"",""region"":""California"",""country"":""United States"",""placeId"":""ChIJE9on3F3HwoAR9AhGJW_fL-I"",""regionCode"":""CA"",""countryCode"":""US"",""displayName"":""Los Angeles, California""}]"
114,New York Embroidery tudio,"307 West 36th Street - Floor 3,  New York, NY 10018",2129719101,accounting@nyes.co,nyes.co,,63,Woman / Women / Female -identifying,false,,false,,"[""New York City""]","[{""city"":""New York"",""region"":""New York"",""country"":""United States"",""placeId"":""ChIJOwg_06VPwokRYv534QaPC8g"",""regionCode"":""NY"",""countryCode"":""US"",""displayName"":""New York, New York""}]"
115,Fyrn,"San Francisco, CA 94110",5038993270,Danielle@fyrn.com,fyrn.com,,20,,true,,false,,"[""San Francisco""]","[{""city"":""San Francisco"",""region"":""California"",""country"":""United States"",""placeId"":""ChIJIQBpAG2ahYAR_6128GcTUEo"",""regionCode"":""CA"",""countryCode"":""US"",""displayName"":""San Francisco, California""}]"
117,Independent Artist Group (IAG),"10585 Santa Monica Blvd. Los Angeles, CA 90025",3174602080,ashedd@independentartistgroup.com,independentartistgroup.com,,350+,,false,,false,,"[""New York City"",""Los Angeles""]","[{""city"":""New York"",""region"":""New York"",""country"":""United States"",""placeId"":""ChIJOwg_06VPwokRYv534QaPC8g"",""regionCode"":""NY"",""countryCode"":""US"",""displayName"":""New York, New York""},{""city"":""Los Angeles"",""region"":""California"",""country"":""United States"",""placeId"":""ChIJE9on3F3HwoAR9AhGJW_fL-I"",""regionCode"":""CA"",""countryCode"":""US"",""displayName"":""Los Angeles, California""}]"
118,Patina,16 Harrison Ave Yonkers NY 10705,3474645788,stephen@rentpatina.com,rentpatina.com,,,,false,,false,,"[""New York City""]","[{""city"":""New York"",""region"":""New York"",""country"":""United States"",""placeId"":""ChIJOwg_06VPwokRYv534QaPC8g"",""regionCode"":""NY"",""countryCode"":""US"",""displayName"":""New York, New York""}]"
119,Studio Ford,"3355 Wilshire Blvd #408, Los Angeles CA 90010",8054486920,josie@studio-ford.com,studio-ford.com,,3,Woman / Women / Female -identifying,true,,false,,"[""Los Angeles""]","[{""city"":""Los Angeles"",""region"":""California"",""country"":""United States"",""placeId"":""ChIJE9on3F3HwoAR9AhGJW_fL-I"",""regionCode"":""CA"",""countryCode"":""US"",""displayName"":""Los Angeles, California""}]"
120,GreenRoom,New York 10010,2126251818,jill@yourgreenroom.com,yourgreenroom.com,,1,Woman / Women / Female -identifying,true,,false,,"[""New York City""]","[{""city"":""New York"",""region"":""New York"",""country"":""United States"",""placeId"":""ChIJOwg_06VPwokRYv534QaPC8g"",""regionCode"":""NY"",""countryCode"":""US"",""displayName"":""New York, New York""}]"
122,CMA Finances (Listen To),"108 AVENUE LEDRU-ROLLIN, 75011 PARIS France",330675074064,clairemarie@listen-to.cc,instagram.com/listen_to.cc,,2,"Latinx / Hispanic, Asian, Woman / Women / Female -identifying",true,,false,,"[""Paris""]","[{""city"":""Paris"",""region"":""Île-de-France"",""country"":""France"",""placeId"":""ChIJD7fiBh9u5kcRYJSMaMOCCwQ"",""regionCode"":""IDF"",""countryCode"":""FR"",""displayName"":""Paris, France""}]"
123,Fefostudio,366 stockton st Brooklyn,19175435374,info@fefostudio.com,fefostudio.com,,,,true,,false,,"[""New York City""]","[{""city"":""New York"",""region"":""New York"",""country"":""United States"",""placeId"":""ChIJOwg_06VPwokRYv534QaPC8g"",""regionCode"":""NY"",""countryCode"":""US"",""displayName"":""New York, New York""}]"
124,Fishs Eddy,"889 Broadway, New York, NY 10003",2124209020,tara@fishseddy.com,fishseddy.com,,,,false,,false,,"[""New York City""]","[{""city"":""New York"",""region"":""New York"",""country"":""United States"",""placeId"":""ChIJOwg_06VPwokRYv534QaPC8g"",""regionCode"":""NY"",""countryCode"":""US"",""displayName"":""New York, New York""}]"
125,Ciel et Sora Studio,"51-02 21st Street, Long Island City, NY 11101",3473304367,contact@cielsora.com,cielsora.com,,,"Black and/or Black+, Woman / Women / Female -identifying",true,,false,,"[""New York City""]","[{""city"":""New York"",""region"":""New York"",""country"":""United States"",""placeId"":""ChIJOwg_06VPwokRYv534QaPC8g"",""regionCode"":""NY"",""countryCode"":""US"",""displayName"":""New York, New York""}]"
126,Large Lemonade,1113 electric ave #16 venice CA 90291,6617141182,zach@largelemonade.com,largelemonade.com,,2,Woman / Women / Female -identifying,false,Service based,false,,"[""Los Angeles""]","[{""city"":""Los Angeles"",""region"":""California"",""country"":""United States"",""placeId"":""ChIJE9on3F3HwoAR9AhGJW_fL-I"",""regionCode"":""CA"",""countryCode"":""US"",""displayName"":""Los Angeles, California""}]"
127,Carozilla,"1227 Bedford Ave, Apartment 2L, Brooklyn, NY 11216",3057645941,xcarolinemariec@gmail.com,instagram.com/car0zilla,,1,"Latinx / Hispanic, Woman / Women / Female -identifying",false,no sales tax 1099,false,,"[""New York City""]","[{""city"":""New York"",""region"":""New York"",""country"":""United States"",""placeId"":""ChIJOwg_06VPwokRYv534QaPC8g"",""regionCode"":""NY"",""countryCode"":""US"",""displayName"":""New York, New York""}]"
128,sip,"20 Bethune Street, New York, New York, 10014",6468674780,hello@sipwithus.com,sipwithus.com,,1,Woman / Women / Female -identifying,true,,false,,"[""New York City""]","[{""city"":""New York"",""region"":""New York"",""country"":""United States"",""placeId"":""ChIJOwg_06VPwokRYv534QaPC8g"",""regionCode"":""NY"",""countryCode"":""US"",""displayName"":""New York, New York""}]"
129,Wizard Studios,"215 26th Avenue Astoria, NY 11102",9176121359,nikki@wizardstudios.com,wizardstudios.com,,65,,true,"If you provide a Resale Certificate, we can remove tax from our invoices",false,,"[""New York City"",""Los Angeles"",""Miami"",""Las Vegas""]","[{""city"":""New York"",""region"":""New York"",""country"":""United States"",""placeId"":""ChIJOwg_06VPwokRYv534QaPC8g"",""regionCode"":""NY"",""countryCode"":""US"",""displayName"":""New York, New York""},{""city"":""Los Angeles"",""region"":""California"",""country"":""United States"",""placeId"":""ChIJE9on3F3HwoAR9AhGJW_fL-I"",""regionCode"":""CA"",""countryCode"":""US"",""displayName"":""Los Angeles, California""},{""city"":""Miami"",""region"":""Florida"",""country"":""United States"",""placeId"":""ChIJEcHIDqKw2YgRZU-t3XHylv8"",""regionCode"":""FL"",""countryCode"":""US"",""displayName"":""Miami, Florida""},{""city"":""Las Vegas"",""region"":""Nevada"",""country"":""United States"",""placeId"":""ChIJ0X31pIK3voARo3mz1ebVzDo"",""regionCode"":""NV"",""countryCode"":""US"",""displayName"":""Las Vegas, Nevada""}]"
130,Novu NYC & Paris,New York / Paris,3057816454,contact@novu.nyc,novu.nyc,,10,Prefer not to answer,true,,false,,"[""New York City"",""Paris""]","[{""city"":""New York"",""region"":""New York"",""country"":""United States"",""placeId"":""ChIJOwg_06VPwokRYv534QaPC8g"",""regionCode"":""NY"",""countryCode"":""US"",""displayName"":""New York, New York""},{""city"":""Paris"",""region"":""Île-de-France"",""country"":""France"",""placeId"":""ChIJD7fiBh9u5kcRYJSMaMOCCwQ"",""regionCode"":""IDF"",""countryCode"":""FR"",""displayName"":""Paris, France""}]"
131,"Kendall Bessent, LLC","1122 To Lani Dr. Stone Mountain, Ga 30083",4047594248,Info@kendallbessent.com,kendallbessent.com,,1,"LGBTQIA+(s), Black and/or Black+",false,,false,,"[""New York City"",""Los Angeles"",""Atlanta"",""London""]","[{""city"":""New York"",""region"":""New York"",""country"":""United States"",""placeId"":""ChIJOwg_06VPwokRYv534QaPC8g"",""regionCode"":""NY"",""countryCode"":""US"",""displayName"":""New York, New York""},{""city"":""Los Angeles"",""region"":""California"",""country"":""United States"",""placeId"":""ChIJE9on3F3HwoAR9AhGJW_fL-I"",""regionCode"":""CA"",""countryCode"":""US"",""displayName"":""Los Angeles, California""},{""city"":""Atlanta"",""region"":""Georgia"",""country"":""United States"",""placeId"":""ChIJjQmTaV0E9YgRC2MLmS_e_mY"",""regionCode"":""GA"",""countryCode"":""US"",""displayName"":""Atlanta, Georgia""},{""city"":""London"",""region"":""England"",""country"":""United Kingdom"",""placeId"":""ChIJdd4hrwug2EcRmSrV3Vo6llI"",""regionCode"":""England"",""countryCode"":""GB"",""displayName"":""London, United Kingdom""}]"
133,Functional Artists,"1080 Lorimer St, Brooklyn, NY 11222, USA",,hello@functionalartists.ai,functionalartists.ai,functionalartists.ai,2,,false,,true,,"[""New York, NY""]","[{""city"":""New York"",""region"":""New York"",""country"":""United States"",""placeId"":""ChIJOwg_06VPwokRYv534QaPC8g"",""regionCode"":""NY"",""countryCode"":""US"",""displayName"":""New York, New York""},{""city"":""Red Bank"",""region"":""New Jersey"",""country"":""United States"",""placeId"":""ChIJ_3JyOAUuwokRLxq8r2nvPcY"",""regionCode"":""NJ"",""countryCode"":""US"",""displayName"":""Red Bank, New Jersey""}]"
135,Care of Chan,"161 Water St, New York, NY 10038, USA",5551234567,info@careofchan.com,careofchan.com,,30,,false,,true,,"[""Los Angeles, CA"",""New York, NY""]","[{""city"":""Los Angeles"",""region"":""California"",""country"":""United States"",""placeId"":""ChIJE9on3F3HwoAR9AhGJW_fL-I"",""regionCode"":""CA"",""countryCode"":""US"",""displayName"":""Los Angeles, California""},{""city"":""New York"",""region"":""New York"",""country"":""United States"",""placeId"":""ChIJOwg_06VPwokRYv534QaPC8g"",""regionCode"":""NY"",""countryCode"":""US"",""displayName"":""New York, New York""}]"